# 分组

## GROUP BY
`GROUP BY` 子句将从 `SELECT` 语句返回的行划分为组。对于每个组，您可以应用 **聚合函数**，例如 `SUM()` 来计算项目的总和，或 `COUNT()`来获取组中的项目数

下面说明了`GROUP BY`子句的基本语法：

```sql
SELECT 
   column_1, 
   column_2,
   ...,
   aggregate_function(column_3)
FROM 
   table_name
GROUP BY 
   column_1,
   column_2,
   ...;
```

> [!tip]
> 
> `column_1` 和 `column_2` 是要分组的列，这些列 **必须在 GROUP BY 中出现**
> 
> `column_3` 是要应用聚合函数的列

可以将 `SELECT` 语句的其他子句与 `GROUP BY` 子句一起使用。PostgreSQL在 `FROM` 和 `WHERE` 子句之后，`HAVING`, `SELECT`, `DISTINCT`, `ORDER BY` 和 `LIMIT` 子句之前计算`GROUP BY` 子句。一条较为完整的 SELECT 语句的执行顺序如下

![[Pasted image 20240810220843.png]]

### 练习

**SELECT 的字段必须出现在 GROUP BY  中**

```sql
SELECT
    customer_id
FROM
    payment
GROUP BY
    customer_id
ORDER BY
    customer_id;

-- Output
customer_id
-------------
           1
           2
           3
           4
           5
           6
           7
           8
...
```

GROUP BY 子句与聚合函数结合使用时非常有用。以下查询使用 `GROUP BY` 子句来检索每个客户支付的总付款：

```sql
SELECT
    customer_id,
    SUM(amount) AS "total amount"
FROM payment
GROUP BY customer_id
ORDER BY "total amount";
```

以下语句使用 `GROUP BY` 子句 **检索每个客户的总付款并显示客户名称和金额**：

```sql
SELECT
    first_name || ' ' || last_name  AS full_name,
    SUM(amount) as sum
FROM
    payment
INNER JOIN customer
    ON payment.customer_id = customer.customer_id
GROUP BY
    full_name 
ORDER BY
    sum DESC ;

-- Output
       full_name       | amount
-----------------------+--------
 Eleanor Hunt          | 211.55
 Karl Seal             | 208.58
 Marion Snyder         | 194.61
 Rhonda Kennedy        | 191.62
 Clara Shaw            | 189.60
...
```

以下示例使用 GROUP BY 子句和 COUNT() 函数来 **统计每个员工处理的付款数量**：

```sql
SELECT
    staff_id,
    COUNT(payment_id) AS total_payment
FROM
    payment
GROUP BY staff_id
ORDER BY
    total_payment DESC
ORDER BY 
	customer_id;
```

以下示例使用 `GROUP BY` 子句 **按两列中的值对行进行分组**

```SQL
SELECT
    staff_id,
    customer_id,
    SUM(amount)
FROM payment
GROUP BY staff_id, customer_id;

--Output
 customer_id | staff_id |  sum
-------------+----------+--------
           1 |        2 |  53.85
           1 |        1 |  60.85
           2 |        2 |  67.88
           2 |        1 |  55.86
           3 |        1 |  59.88
...
```

以下示例使用`GROUP BY`子句 **按付款日期对付款进行分组**

```sql
SELECT
    payment_date::date AS payment_date ,
    SUM(amount)
FROM payment
GROUP BY payment_date::date  -- 执行 GROUP BY 时，列别名尚未生效
ORDER BY
    payment_date  DESC;
```

## HAVING

`HAVING` 子句指定一个组的搜索条件。`HAVING` 子句通常与 `GROUP BY` 子句一起使用，根据指定的条件过滤组

下面的语句说明 `HAVING` 子句的基本语法:

```sql
SELECT 
  column1, 
  aggregate_function (column2) 
FROM 
  table_name 
GROUP BY 
  column1 
HAVING 
  condition;
```

如果一个组满足指定的条件，`HAVING` 子句将把它包含在结果集中。除了 `GROUP BY` 子句之外，还可以在使用 `HAVING` 子句的语句中包含 `JOIN` 和 `LIMIT` 等其他子句。

PostgreSQL 计算 `HAVING` 子句在 `FROM`, `WHERE`, `GROUP BY` 之后，在 `DISTINCT`,  `SELECT`, `ORDER BY` 和 `LIMIT` 子句之前:

![[Pasted image 20240811080408.png|900]]

因为 PostgreSQL 在 `SELECT` 子句之前计算 `HAVING` 子句，所以你 **不能在 `HAVING` 子句中使用列别名**。这个限制的原因是，在执行 `HAVING` 子句时，`SELECT` 子句中指定的列别名还不可用。

> [!tip] HAVING 与 WHERE
> `WHERE` 子句根据指定的条件筛选行，而 `HAVING` 子句根据指定的条件筛选行组。
>
>换句话说，您将 `WHERE` 子句中的条件应用于行，而将 `HAVING` 子句中的条件应用于行组

### 练习

下面的查询使用 `GROUP BY` 子句和 `SUM()` 函数来查找每个客户的付款总额:

```sql
SELECT
    customer_id,
    SUM(amount) AS amount
FROM
    payment
GROUP BY customer_id
ORDER BY amount DESC;

-- Output
 customer_id | amount
-------------+--------
         148 | 211.55
         526 | 208.58
         178 | 194.61
         137 | 191.62
...
```

下面的语句增加了 `HAVING` 子句来选择消费超过 $200$ 的客户

```sql
SELECT
    customer_id,
    SUM(amount) AS amount
FROM
    payment
GROUP BY customer_id
HAVING SUM(amount) > 200
ORDER BY amount DESC;

-- Output
 customer_id | amount
-------------+--------
         148 | 211.55
         526 | 208.58
(2 rows)
```


## 聚合函数

> [!tip] 聚合函数对一组行执行计算并返回单行。PostgreSQL 提供了所有标准 SQL 的聚合函数如下
> 
> `AVG()`：计算每个分组的平均值
> 
> `COUNT()` ：计算每个分组的条目
> 
> `MAX()`：计算每个分组的最大值
> 
> `MIN()`：计算每个分组的最小值
> 
> `SUM()`：计算每个分组的和
> 
> 这些聚合函数可以使用在 `SELECT` 和 `HAVING` 子句中

---

`AVG()` 函数是 PostgreSQL 中最常用的聚合函数之一。`AVG()` 函数允许计算一个集合的平均值

```sql
AVG(column)
```

要计算集合中不同值的平均值，可以使用 `DISTINCT` 选项，如下所示:

```sql
AVG(DISTINCT column)
```

> [!tip]
> 注意 `AVG()` 函数忽略 `NULL`。如果列没有值，`AVG()` 函数返回 `NULL`

---

`COUNT()` 函数是一个聚合函数，它允许您 **获取符合特定条件的行数**

> [!tip] 使用 COUNT() 函数的方法
> 
> `COUNT(*)` 函数返回 `SELECT` 语句返回的行数，**包括 NULL 和重复的行数**。
> 
> `COUNT(column_name)` 函数返回 `SELECT` 子句返回的行数。但是，**它不考虑 `column_name` 中的 NULL 值**
> 
> `COUNT(DISTINCT column_name)` 返回 **`column_name` 中唯一非空值的个数**
> 

---

PostgreSQL `MAX()` 函数是一个聚合函数，**它返回一组值中的最大值**。`MAX()` 函数在很多情况下都很有用。例如，您可以使用它来查找薪水最高的员工或识别最昂贵的产品。

```sql
MAX(expression);
```

`MAX()` 函数不仅可以在 `SELECT` 子句中使用，还可以在 `WHERE` 和 `HAVING` 子句中使用

---

PostgreSQL `MIN()` 函数是一个聚合函数，它返回一组值中的最小值。

要查找表中某一列的最小值，可以将列名传递给 `MIN()` 函数。列的数据类型可以是 **数字**、**字符串** 或 **任何类似的类型**

```sql
MIN(expression)
```

与`AVG()`， `COUNT()`和`SUM()`函数不同，**`DISTINCT` 选项对 `MIN()` 函数没有任何影响**

---

PostgreSQL `SUM()` 是一个聚合函数，它返回集合中所有值的和

```sql
SUM(expression)
```

如果不考虑重复值，可以使用 `DISTINCT`

```sql
SUM(DISTINCT expression)
```

例如，如果没有 `DISTINCT` 选项，`1,1,2` 的 `SUM()` 将返回 `4`。但是 `1,1` 和 `2` 的不同值的和将返回 `3(1 + 2)`，因为 `SUM()` 函数忽略了一个重复的值(`1`)


> [!tip]
> 
> `SUM()` 函数 **忽略NULL**，这意味着它 **在计算中不考虑NULL**
> 
> 空集合的 `SUM()` 将返回 `NULL`，而不是零。

### 练习

下面的例子使用 `AVG()` 函数来计算客户支付的平均金额:

```sql
SELECT
    AVG(amount), SUM(amount) / COUNT(*)
FROM payment;
```

还可以使用转换运算符

```sql
SELECT
    AVG(amount)::NUMERIC(10, 2)
FROM payment;
```

下面的查询返回客户支付的平均金额。因为我们使用 `DISTINCT`，所以 PostgreSQL 取 **唯一的数量并计算平均值**

```sql
SELECT
    AVG(DISTINCT amount)::NUMERIC(10, 2)
FROM payment;
```

在查询中，我们使用 `INNER JOIN` 将付款表与客户表连接起来。我们使用 `GROUP BY` 子句将客户分组，并应用 `AVG()` 函数计算每组的平均值。

```sql
SELECT
    customer.customer_id,
    customer.first_name ,
    customer.last_name,
    AVG(amount)
FROM payment
    INNER JOIN customer
        ON payment.customer_id = customer.customer_id
GROUP BY customer.customer_id, customer.first_name, customer.last_name
ORDER BY customer.customer_id;

-- Output
 customer_id | first_name  |  last_name   | avg
-------------+-------------+--------------+------
           1 | Mary        | Smith        | 3.82
           2 | Patricia    | Johnson      | 4.76
           3 | Linda       | Williams     | 5.45
           4 | Barbara     | Jones        | 3.72
...
```

还可以使用 `HAVING` 子句过滤分组

```sql

SELECT
    customer.customer_id,
    customer.first_name ,
    customer.last_name,
    AVG(amount)
FROM payment
    INNER JOIN customer
        ON payment.customer_id = customer.customer_id
GROUP BY customer.customer_id, customer.first_name, customer.last_name
HAVING AVG(amount) > 5
ORDER BY customer.customer_id;


-- Output
 customer_id | first_name | last_name | avg
-------------+------------+-----------+------
           3 | Linda      | Williams  | 5.45
          19 | Ruth       | Martinez  | 5.49
         137 | Rhonda     | Kennedy   | 5.04
         181 | Ana        | Bradley   | 5.08
         187 | Brittany   | Riley     | 5.62
         209 | Tonya      | Chapman   | 5.09
         259 | Lena       | Jensen    | 5.16
         272 | Kay        | Caldwell  | 5.07
         285 | Miriam     | Mckinney  | 5.12
         293 | Mae        | Fletcher  | 5.13
         310 | Daniel     | Cabral    | 5.30
         311 | Paul       | Trout     | 5.39
         321 | Kevin      | Schuler   | 5.52
         470 | Gordon     | Allard    | 5.09
         472 | Greg       | Robins    | 5.07
         477 | Dan        | Paine     | 5.09
         508 | Milton     | Howland   | 5.29
         522 | Arnold     | Havens    | 5.05
         542 | Lonnie     | Tirado    | 5.30
         583 | Marshall   | Thorn     | 5.12
(20 rows)
```

## GROUPING SETS

 PostgreSQL `GROUPING SETS`子句 **在查询中生成多个分组集**。下面是演示表

```sql
DROP TABLE IF EXISTS sales;

CREATE TABLE sales (
                       brand VARCHAR NOT NULL,
                       segment VARCHAR NOT NULL,
                       quantity INT NOT NULL,
                       PRIMARY KEY (brand, segment)
);

INSERT INTO sales (brand, segment, quantity)
VALUES
    ('ABC', 'Premium', 100),
    ('ABC', 'Basic', 200),
    ('XYZ', 'Premium', 100),
    ('XYZ', 'Basic', 300)
RETURNING *;
```

`sales` 表存储 **按品牌** 和 **细分市场** 销售的产品数量。

分组集是使用 `GROUP BY` 子句进行分组的一组列，分组集由放置在括号内的以逗号分隔的列列表表示

```sql
(column1, column2, ...)
```

例如，以下查询使用 `GROUP BY` 子句返回 **_按品牌_ 和 _细分市场_ 销售的产品数量**。换句话说，它定义了品牌和细分市场的分组集，表示为 `(brand, segement)`

```sql
SELECT
    brand,
    segment,
    SUM (quantity)
FROM
    sales
GROUP BY
    brand,
    segment;
```

以下查询 **查找某个品牌销售的产品数量**。它定义了一个分组集 `(brand)`

```sql
SELECT  
    brand,  
    SUM(quantity)  
FROM sales  
GROUP BY brand ;
```

以下查询 **查找按细分市场销售的产品数量**。它定义了一个分组集`(segment)` ：

```sql
SELECT  
    segment,  
    SUM (quantity)  
FROM  
    sales  
GROUP BY  
    segment;
```

以下查询 **查找所有品牌和细分市场销售的产品数量**。它定义了一个空分组集，用`()`表示

```sql
SELECT
    SUM(sales.quantity)
FROM sales;
```

假设您想使用单个查询获取所有分组集。为此，您可以使用 `UNION ALL` ^[[[集合运算#UNION 并集]]] 来组合上述查询的所有结果集

由于 `UNION ALL` 要求所有 **结果集具有 _相同数量_ 且数据 _类型兼容_ 的列**，因此需要通过在每个结果集的选择列表中添加 `NULL` 来调整查询，如下所示

```sql
SELECT
    brand,
    segment,
    SUM (quantity)
FROM
    sales
GROUP BY
    brand,
    segment

UNION ALL

SELECT
    brand,
    NULL,
    SUM(quantity)
FROM sales
GROUP BY brand

UNION ALL

SELECT
    NULL,
    segment,
    SUM (quantity)
FROM
    sales
GROUP BY
    segment

UNION ALL

SELECT
    NULL,
    NULL,
    SUM(sales.quantity)
FROM sales;

-- Output
brand | segment | sum
-------+---------+-----
 XYZ   | Basic   | 300
 ABC   | Premium | 100
 ABC   | Basic   | 200
 XYZ   | Premium | 100
 ABC   | null    | 300
 XYZ   | null    | 400
 null  | Basic   | 500
 null  | Premium | 200
 null  | null    | 700
(9 rows)
```

此查询生成一个结果集，其中包含所有分组集的聚合。尽管上面的查询按您的预期工作，但它有两个主要问题：**_SQL 语句相当长_ 并且 _存在性能问题_**

> [!tip]
> PostgreSQL 必须为每个查询单独扫描 `sales` 表

为了提高效率，PostgreSQL 提供了 `GROUPING SETS` 子句，它是` GROUP BY` 子句的子句。`GROUPING SETS`允许 **在同一查询中定义多个分组集**

`GROUPING SETS` 的一般语法如下

```sql
SELECT
    c1,
    c2,
    aggregate_function(c3)
FROM
    table_name
GROUP BY
    GROUPING SETS (
        (c1, c2),
        (c1),
        (c2),
        ()
);
```

在此语法中，我们有四个分组集 `(c1,c2)` 、 `(c1)` 、 `(c2)` 和 `()` 。

要将此语法应用于上面的示例，您可以使用 `GROUPING SETS` 子句而不是 `UNION ALL` 子句，如下所示

```sql
SELECT
    sales.brand,
    sales.segment,
    SUM(sales.quantity)
FROM sales
GROUP BY
    GROUPING SETS (
        (brand, segment),
        (brand),
        (segment),
        ()
    );
    
-- Output
 brand | segment | sum
-------+---------+-----
 null  | null    | 700
 XYZ   | Basic   | 300
 ABC   | Premium | 100
 ABC   | Basic   | 200
 XYZ   | Premium | 100
 ABC   | null    | 300
 XYZ   | null    | 400
 null  | Basic   | 500
 null  | Premium | 200
(9 rows)
```

> [!tip]
> 
> 该查询更短且更具可读性。另外，PostgreSQL 会优化扫描 `sales` 表的次数，不会多次扫描。

## GROUPING 函数

`GROUPING()` 函数接受一个参数，该参数可以是列名或表达式：

```sql
GROUPING( column_name | expression)
```

`column_name` 或 `expression` 必须与 `GROUP BY` 子句中指定的相匹配。如果参数是当前分组集的成员，则 `GROUPING()` 函数返回位 $0$，否则返回 $1$。

```sql
SELECT  
    GROUPING(brand) grouping_brand,  
    GROUPING(segment) grouping_segment,  
    brand,  
    segment,  
    SUM (quantity)  
FROM  
    sales  
GROUP BY  
    GROUPING SETS (  
    (brand),  
    (segment),  
    ()  
    )  
ORDER BY  
    brand,  
    segment;
```

![[Pasted image 20240811140241.png|900]]

当 `grouping_brand` 中的值为0时， `sum` 列显示 `brand` 的小计。当 `grouping_segment` 中的值为零时，`sum` 列显示该 `segment` 的小计。

可以在`HAVING`子句中使用`GROUPING()`函数来查找每个品牌的小计

```sql
SELECT  
    GROUPING(brand) grouping_brand,  
    GROUPING(segment) grouping_segment,  
    brand,  
    segment,  
    SUM (quantity)  
FROM  
    sales  
GROUP BY  
    GROUPING SETS (  
    (brand),  
    (segment),  
    ()  
    )  
HAVING GROUPING(brand) = 0  
ORDER BY  
    brand,  
    segment;
```

## CUBE

PostgreSQL `CUBE` 是 `GROUP BY `子句的子句。 **CUBE 允许您生成多个分组集**。下面说明了`CUBE`子句的语法

```sql
SELECT
    c1,
    c2,
    c3,
    aggregate (c4)
FROM
    table_name
GROUP BY
    CUBE (c1, c2, c3);
```

该查询根据 `CUBE` 中指定的维度列 **生成所有可能的分组集**。 `CUBE`子条款是定义多个分组集的一种简短方法，因此以下内容是等效的：

```sql
CUBE(c1,c2,c3) 

GROUPING SETS (
    (c1,c2,c3), 
    (c1,c2),
    (c1,c3),
    (c2,c3),
    (c1),
    (c2),
    (c3), 
    ()
 ) 
```

> [!tip]
> 
> 一般来说，如果`CUBE`中指定的列数为`n` ，那么将有 $2^n$ 种组合

PostgreSQL 允许执行 **部分多维数据集** 以减少计算的聚合数量。下面显示了语法

```sql
SELECT
    c1,
    c2,
    c3,
    aggregate(c4)
FROM
    table_name
GROUP BY
    c1,
    CUBE (c1, c2);
```

## ROLLUP

PostgreSQL `ROLLUP` 是 `GROUP BY` 子句的一个子句，它提供了定义多个分组集的简写。分组集是一组用于分组的列

与 `CUBE` 子句不同， `ROLLUP` 不会根据指定列生成所有可能的分组集。它只是其中的一个子集。

**`ROLLUP` 假定输入列之间存在层次结构**，并生成考虑层次结构有意义的所有分组集。这就是为什么 `ROLLUP` 经常用于生成报告的小计和总计的原因。

例如， `CUBE (c1,c2,c3)` 生成所有八个可能的分组集

```sql
(c1, c2, c3)
(c1, c2)
(c2, c3)
(c1,c3)
(c1)
(c2)
(c3)
()
```

但是， `ROLLUP(c1,c2,c3)` 仅生成四个分组集，假设层次结构 `c1 > c2 > c3` 如下

```sql
(c1, c2, c3)
(c1, c2)
(c1)
()
```

`ROLLUP`的常见用途是按年、月和日期计算数据的聚合，考虑层次结构`year > month > date`

```sql
SELECT
    c1,
    c2,
    c3,
    aggregate(c4)
FROM
    table_name
GROUP BY
    ROLLUP (c1, c2, c3);
```

还可以进行部分汇总以减少生成的小计数量

```sql
SELECT
    c1,
    c2,
    c3,
    aggregate(c4)
FROM
    table_name
GROUP BY
    c1, 
    ROLLUP (c2, c3);
```

例如，以下查询使用 `ROLLUP `子句查找按品牌（小计）以及所有品牌和细分市场（总计）销售的产品数量。

```sql
SELECT
    brand,
    segment,
    SUM (quantity)
FROM
    sales
GROUP BY
    ROLLUP (brand, segment)  -- (brand, segment), (brand), ()
ORDER BY
    brand,
    segment;
```

![[Pasted image 20240811142348.png|900]]
