# 过滤数据

我们可以按照条件筛选出需要数据，提供这些能力的是 `WHERE` 子句

## WHERE 子句

SELECT 语句返回表中一列或多列的所有行。要 **检索满足指定条件的行**，可以使用 `WHERE` 子句。PostgreSQL `WHERE`子句的语法如下

```sql
SELECT
	select_list
FROM 
	table_name
WHERE
	condition  -- 过滤从 SELECT 子句返回的行。是一个布尔表达式，计算结果为真、假或未知
ORDER BY
	sort_expression;
```

> [!tip]
> 在此语法中，将 `WHERE` 子句放置在 `SELECT` 语句的 `FROM` 子句之后

该查询仅返回满足 `WHERE` 子句中的 `condition` 行。换句话说，**查询将仅包含导致结果集中`condition`计算为  true  的行**。

> [!tip] 
> PostgreSQL 在 `FROM` 子句之后但在 `SELECT` 和 `ORDER BY` 子句之前计算 `WHERE` 子句：
> 
> ![[Pasted image 20240810094223.png|900]]
> 
>  由于  `WHERE` 子句在 `SELECT` 之前计算，因此如果在 `SELECT`子句中使用**列别名**，则不能在 `WHERE`子句中使用它们

> [!tip] 
> 除了 `SELECT` 语句之外，您还可以在 `UPDATE` 和 `DELETE` 语句中使用 `WHERE` 子句来指定要更新和删除的行

要构成 `WHERE` 子句中的条件，请使用比较运算符和逻辑运算符

| Operator    | Description                |
| ----------- | -------------------------- |
| `=`         | 等于                         |
| `>`         | 大于                         |
| `<`         | 小于                         |
| `>=`        | 大于或等于                      |
| `<=`        | 小于或等于                      |
| `<>` 或 `!=` | 不等于                        |
|             |                            |
| `AND`       | 逻辑 AND                     |
| `OR`        | 逻辑 OR                      |
| `IN`        | 如果一个值与列表中的任何值匹配，则返回 `true` |
| `BETWEEN`   | 如果一个值在一个值范围内，则返回 `true`    |
| `LIKE`      | 如果值与模式匹配，则返回 `true`        |
| `IS NULL`   | 如果值为 `NULL` 则返回 `true`     |
| `NOT`       | 将其他操作符的结果 **取反**           |

### 查询某个固定值

以下语句使用 `WHERE` 子句查找名字为 `Jamie` 客户

```sql
SELECT
    last_name,
    first_name
FROM
    customer
WHERE
    first_name = 'Jamie';
```

输出

```
 last_name | first_name
-----------+------------
 Rice      | Jamie
 Waugh     | Jamie
(2 rows)
```

### AND 和 OR

以下示例使用带有 `AND` 逻辑运算符的 `WHERE` 子句来查找名字和姓氏为 `Jamie` 和 `rice` 的客户

```sql

SELECT
    last_name,
    first_name
FROM
    customer
WHERE
    first_name = 'Jamie'
AND
    last_name = 'Rice';
```

输出

```
 last_name | first_name
-----------+------------
 Rice      | Jamie
(1 row)
```

以下示例使用带有 `OR` 运算符的 `WHERE` 子句来查找姓氏为 `Rodriguez` 或名字为 `Adam` 的客户：

```sql

SELECT
	first_name,
    last_name
FROM
    customer
WHERE
    first_name = 'Adam'  -- 名字
OR
    last_name = 'Rodriguez';  -- 姓氏
```

输出

```
 first_name | last_name
------------+-----------
 Laura      | Rodriguez
 Adam       | Gooch
(2 rows)
```

### IN

如果要 **在值列表中查找值**，可以使用 `IN` 运算符。以下示例使用 `WHERE` 子句和 `IN` 运算符来查找列表中名字为` Ann`、`Anne` 和 `Annie` 的客户

```sql

SELECT
    first_name,
    last_name
FROM
    customer
WHERE
    first_name IN ('Ann', 'Anne', 'Annie')
```

输出

```
 first_name | last_name
------------+-----------
 Ann        | Evans
 Anne       | Powell
 Annie      | Russell
(3 rows)
```

### LIKE

**查找与指定模式匹配的字符串**，请使用 `LIKE` 运算符

以下示例在 `WHERE` 子句中使用 `LIKE` 运算符来 **查找名字以单词 `Ann` 开头的客户**

```sql

SELECT
    first_name,
    last_name
FROM
    customer
WHERE
    first_name LIKE 'Ann%';
```

输出

```
 first_name | last_name
------------+-----------
 Anna       | Hill
 Ann        | Evans
 Anne       | Powell
 Annie      | Russell
 Annette    | Olson
(5 rows)
```

`%` 称为 **通配符**，可以 **多次匹配任何字符串**。 `'Ann%'` 模式匹配以 `'Ann'` 开头的任何字符串

### BETWEEN

如果值在某个值范围内，则 `BETWEEN` 运算符返回 `true`。以下示例使用 `BETWEEN` 运算符查找名字以字母 `A` 开头且包含 `3` 到 `5` 个字符的客户

```sql

SELECT
    first_name,
    LENGTH(first_name) AS name_length
FROM
    customer
WHERE

    first_name LIKE 'A%'
AND
    LENGTH(first_name)  BETWEEN 3 AND 5;

```

> [!tip]
> `LENGTH()` 函数获取输入字符串的字符数

## AND 运算符

在 PostgreSQL 中，布尔值可以具有三个值之一：`true` `false` 和 `null`

`AND` 运算符的基本语法是

```sql
expression1 AND expression2
```

> [!tip]
> 
> 在此语法中，`expression1` 和 `expression2` 是布尔表达式，其求值为 `true` `false` 或 `null`

下表显示了 `AND` 运算符组合 `true` `false` 和 `null` 时的结果

| AND       | **True** | **False** | **Null** |
| --------- | -------- | --------- | -------- |
| **True**  | `True`   | `False`   | `Null`   |
| **False** | `False`  | `False`   | `False`  |
| **Null**  | `Null`   | `False`   | `Null`   |

> [!tip] 有 `False` 则 `AND` 的结果为 `False`；没有 `False` 但是有 `Null`，则为 `Null`；既没有 `False`，也没有 `Null`，则为 `True`

```sql
SELECT
    true AND true AS true_true,
    true AND false AS true_false,
    true AND null AS true_null,
    false AND null as false_null;
```

输出

```
 true_true | true_false | true_null | false_null
-----------+------------+-----------+------------
 t         | f          |           | f
(1 行记录)
```

### 练习

`AND` 通常要和 `WHERE` 一起使用。下面的例子在 `WHERE` 子句中使用 `AND` 运算符来查找长度大于 `180` 且出租率小于 `1` 的电影:

```sql
SELECT
    title,
    length,
    rental_rate
FROM
    film
WHERE
    length > 180
    AND rental_rate < 1;
```

输出

```
       title        | length | rental_rate
--------------------+--------+-------------
 Catch Amistad      |    183 |        0.99
 Haunting Pianist   |    181 |        0.99
 Intrigue Worst     |    181 |        0.99
 Love Suicides      |    181 |        0.99
 Runaway Tenenbaums |    181 |        0.99
 Smoochy Control    |    184 |        0.99
 Sorority Queen     |    184 |        0.99
 Theory Mermaid     |    184 |        0.99
 Wild Apollo        |    181 |        0.99
 Young Language     |    183 |        0.99
(10 rows)
```

## OR 运算符

`OR` 运算符是组合了多个布尔表达式的逻辑运算符。以下是 `OR` 运算符的基本语法

```sql
expression1 OR expression2
```

> [!tip]
> 
> 在此语法中，`expression1` 和 `expression2` 是布尔表达式，其求值为 `true` `false` 或 `null`

下表显示了 `OR` 运算符在组合 `true` `false` 和 `null` 时的结果


| OR        | **True** | **False** | **Null** |
| --------- | -------- | --------- | -------- |
| **True**  | `True`   | `True`    | `True`   |
| **False** | `True`   | `False`   | `Null`   |
| **Null**  | `True`   | `Null`    | `Null`   |

> [!tip] 有 `True`，则结果为 `True`；没有 `True` 但是有 `Null`，则结果为 `Null`；否则结果为 `False`

```sql
SELECT
    true OR true AS true_true,
    true OR false AS true_false,
    true OR null AS true_null,
    false OR null as false_null;
```

输出

```
 true_true | true_false | true_null | false_null
-----------+------------+-----------+------------
 t         | t          | t         |
(1 行记录)
```

### 练习

以下示例在 `WHERE` 子句中使用 `OR` 运算符来查找租赁率为 `0.99` 或 `2.99` 的电影：

```sql
SELECT
    title,
    rental_rate
FROM
    film
WHERE
    rental_rate = 0.99
OR
    rental_rate = 2.99;
```

输出

```
            title            | rental_rate
-----------------------------+-------------
 Academy Dinosaur            |        0.99
 Adaptation Holes            |        2.99
 Affair Prejudice            |        2.99
 African Egg                 |        2.99
 Agent Truman                |        2.99
 Alabama Devil               |        2.99
 Alamo Videotape             |        0.99
 Alaska Phantom              |        0.99
 Date Speed                  |        0.99
 Alice Fantasia              |        0.99
 Alien Center                |        2.99
 ....
```

## LIMIT 子句

PostgreSQL `LIMIT` 是 `SELECT` 语句的可选子句，用于 **限制查询返回的行数**

以下是 `LIMIT` 子句的基本语法：

```sql
SELECT 
  select_list 
FROM 
  table_name 
ORDER BY 
  sort_expression 
LIMIT 
  row_count;
```

> [!tip] 该语句返回查询生成的 `row_count` 行
> 
> 如果 `row_count` 为零，则查询返回空集
> 
> 如果 `row_count` 为 `NULL`，则查询将返回与没有 `LIMIT` 子句相同的结果集

如果要在返回 `row_count` 行之前 **跳过一些行**，可以使用放在 `LIMIT` 子句之后的 `OFFSET` 子句：

```sql
SELECT 
  select_list 
FROM 
  table_name 
ORDER BY 
  sort_expression 
LIMIT 
  row_count 
OFFSET 
  row_to_skip;
```

> [!tip] 
> 
> 该语句 **首先跳过** `row_to_skip` 行，然后返回查询 **生成** 的 `row_count` 行
> 
> 如果 `row_to_skip` 为零，则该语句将像没有 `OFFSET` 子句一样工作
> 

> [!tip] 
> 需要注意的是，PostgreSQL 在 `LIMIT` 子句之前计算 `OFFSET` 子句。即，**先计算 `OFFSET` 子句，后计算 `LIMIT` 子句**

> [!attention] 
> PostgreSQL 以未指定的顺序将行存储在表中，因此，**当使用 `LIMIT` 子句时，应始终使用 `ORDER BY` 子句来控制行顺序**
> 
> 如果不使用 `ORDER BY` 子句，则可能会得到一个结果集，其中的行顺序未指定。


### 练习

以下语句使用 `LIMIT` 子句获取按 `film_id` 排序的前五部电影：

```sql
SELECT film_id, title, release_year FROM film ORDER BY film_id LIMIT 5;

 film_id |      title       | release_year
---------+------------------+--------------
       1 | Academy Dinosaur |         2006
       2 | Ace Goldfinger   |         2006
       3 | Adaptation Holes |         2006
       4 | Affair Prejudice |         2006
       5 | African Egg      |         2006
(5 行记录)
```

要检索按 `film_id` 排序的从第四部开始(跳过前 $3$ 部)的 $4$ 部影片，可以同时使用 `LIMIT` 和 `OFFSET` 子句，如下所示：

```sql
SELECT film_id, title, release_year FROM film ORDER BY film_id LIMIT 4 OFFSET 3;

 film_id |      title       | release_year
---------+------------------+--------------
       4 | Affair Prejudice |         2006
       5 | African Egg      |         2006
       6 | Agent Truman     |         2006
       7 | Airplane Sierra  |         2006
(4 行记录)
```

通常，经常使用 `LIMIT` 子句从表中选择具有最高或最低值的行。以下示例使用 `LIMIT` 子句**按租赁费率检索前 $10$ 部最昂贵的电影**：

```sql
SELECT film_id, title, rental_rate FROM film ORDER BY rental_rate DESC LIMIT 10;

 film_id |        title        | rental_rate
---------+---------------------+-------------
      13 | Ali Forever         |        4.99
      20 | Amelie Hellfighters |        4.99
       7 | Airplane Sierra     |        4.99
      10 | Aladdin Calendar    |        4.99
       2 | Ace Goldfinger      |        4.99
       8 | Airport Pollock     |        4.99
      98 | Bright Encounters   |        4.99
     133 | Chamber Italian     |        4.99
     384 | Grosse Wonderful    |        4.99
      21 | American Circus     |        4.99
(10 行记录)
```

## FETCH 子句

要跳过一定数量的行并检索特定数量的行，通常在 `SELECT` 语句中使用 `LIMIT` 子句。

`LIMIT`子句被许多关系数据库管理系统广泛使用，例如 MySQL、H2 和 HSQLDB。但是， **`LIMIT`子句不是 SQL 标准**

为了符合 SQL 标准，PostgreSQL 支持 `FETCH` 子句来跳过一定数量的行，然后获取特定数量的行。

> [!tip] 
> 
> `FETCH`子句是在 SQL:2008 中作为 SQL 标准的一部分引入的。

下面说明了 PostgreSQL `FETCH` 子句的语法：

```SQL
OFFSET row_to_skip { ROW | ROWS }  -- 指定跳过的行数，默认为 0
FETCH { FIRST | NEXT } [ row_count ] { ROW | ROWS } ONLY  -- 指定选择的行数，默认为 1
```

> [!tip]
> 
> 请注意，在 SQL:2008 中， **`OFFSET` 子句必须位于 `FETCH`子句之前**
> 
> 但是， `OFFSET` 和 `FETCH`子句可以在 PostgreSQL 中以任何顺序出现

`FIRST` 和 `NEXT` 是同义词；`ROW` 和 `ROWS` 也是同义词

### 练习

以下查询使用 `FETCH` 子句来 **选择按标题升序排列的第一部电影**

```sql
SELECT film_id, title FROM film ORDER BY title FETCH FIRST ROW ONLY;

 film_id |      title
---------+------------------
       1 | Academy Dinosaur
(1 行记录)
```

它相当于以下查询：

```sql
SELECT film_id, title FROM film ORDER BY title FETCH FIRST 1 ROW ONLY;
 film_id |      title
---------+------------------
       1 | Academy Dinosaur
(1 行记录)
```


以下查询使用 `FETCH` 子句 **选择按标题排序的前五部电影**：

```sql
SELECT film_id, title FROM film ORDER BY title FETCH NEXT 5 ROW ONLY;
 film_id |      title
---------+------------------
       1 | Academy Dinosaur
       2 | Ace Goldfinger
       3 | Adaptation Holes
       4 | Affair Prejudice
       5 | African Egg
(5 行记录)
```


以下语句 **返回按标题排序的前五部电影之后的接下来的五部电影**

```sql
SELECT film_id, title FROM film ORDER BY title OFFSET 5 ROWS FETCH FIRST 5 ROW ONLY;
 film_id |      title
---------+------------------
       6 | Agent Truman
       7 | Airplane Sierra
       8 | Airport Pollock
       9 | Alabama Devil
      10 | Aladdin Calendar
(5 行记录)
```

## IN 运算符

`IN` 运算符允许 **检查某个值是否与值列表中的任何值匹配**。以下是 `IN` 运算符的基本语法

```sql
value IN (value1,value2,...)
```

如果 `value` 等于列表中的任何值（例如 `value1` 和 `value2` ，则 `IN` 运算符返回 `true`


> [!tip]
> 值列表可以是包括 **数字** 和 **字符串** 的文字值列表
> 
> 除了文字值之外， `IN` 运算符还 **接受从查询返回的值列表**。将在 [[子查询]] 中了解有关如何在查询中使用 `IN` 运算符的更多信息

从功能上讲， `IN` 运算符相当于将多个布尔表达式与 `OR` 运算符组合起来：

```sql
value = value1 OR value = value2 OR ...
```

### 练习

以下示例使用 `IN` 运算符检索有关 `id` 为 `1` `2` 和 `3` 的影片的信息

```sql
SELECT film_id, title FROM film WHERE film_id IN (1, 2, 3);

 film_id |      title
---------+------------------
       1 | Academy Dinosaur
       2 | Ace Goldfinger
       3 | Adaptation Holes
(3 行记录)
```

以下示例使用 `IN` 运算符查找列表中姓氏为 `'Allen'` 、 `'Chase'` 和 `'Davis'` 的演员

```sql
SELECT first_name, last_name FROM actor WHERE last_name IN ('Allen', 'Chase', 'Davis');

 first_name | last_name
------------+-----------
 Ed         | Chase
 Jennifer   | Davis
 Susan      | Davis
 Susan      | Davis
 Cuba       | Allen
 Kim        | Allen
 Jon        | Chase
 Meryl      | Allen
(8 行记录)
```

以下语句使用 `IN` 运算符查找付款日期在日期列表中的付款： `2007-02-15`和`2007-02-16` 

```sql
SELECT payment_id, amount, payment_date FROM payment WHERE payment_date::date IN ('2007-02-15', '2007-02-16');

 payment_id | amount |        payment_date
------------+--------+----------------------------
      17503 |   7.99 | 2007-02-15 22:25:46.996577
      17504 |   1.99 | 2007-02-16 17:23:14.996577
      17505 |   7.99 | 2007-02-16 22:41:45.996577
      17512 |   4.99 | 2007-02-16 00:10:50.996577
      17513 |   6.99 | 2007-02-16 01:15:33.996577
      17519 |   3.99 | 2007-02-15 10:54:44.996577
      17520 |   4.99 | 2007-02-15 19:36:27.996577
      17521 |   0.99 | 2007-02-16 14:00:38.996577
      17522 |   0.99 | 2007-02-15 01:26:17.996577
      17523 |   4.99 | 2007-02-15 18:34:15.996577
....
```

在此示例中， `payment_date` 列的 `timestamp` 类型由日期和时间部分组成。要将`payment_date` 列中的值与日期列表相匹配，需要将它们 **转换为仅包含日期部分的日期值**。为此，使用 **`::` 强制转换运算符**

```sql
payment_date::date
```

例如，如果时间戳值为 `2007-02-15 22:25:46.996577` ，则强制转换运算符会将其转换为`2007-02-15`

## NOT IN 运算符

要否定 `IN` 运算符，请使用 `NOT IN` 运算符。以下是 `NOT IN` 运算符的基本语法：

```sql
value NOT IN (value1, value2, ...)
```

如果 `value` 不等于列表中的任何值（例如 `value1` 和 `value2`) ，则 `NOT IN` 运算符返回`true` ；否则， `NOT IN`运算符返回 `false` 

`NOT IN` 运算符相当于多个布尔表达式与 `AND` 运算符的组合

```sql
value <> value1 AND value <> value2 AND ...
```

### 练习

以下示例使用 `NOT IN` 运算符检索 `id` 不为 `1` `2`  或 `3` 的影片

```sql
SELECT film_id, title FROM film WHERE film_id NOT IN (1, 2, 3);

 film_id |            title
---------+-----------------------------
     133 | Chamber Italian
     384 | Grosse Wonderful
       8 | Airport Pollock
      98 | Bright Encounters
       4 | Affair Prejudice
       5 | African Egg
       6 | Agent Truman
       7 | Airplane Sierra
....
```

## BETWEEN 运算符

`BETWEEN` 运算符允许您检查某个值是否在某个值范围内。

该运算符的基本语法`BETWEEN`如下：

```sql
value BETWEEN low AND high;
```

如果 `value` 大于或等于该 `low` 值且小于或等于该 `high` 值，则 `BETWEEN` 运算符返回`true`；否则，返回 `false`

> [!tip]
> 如果 `value` 在 `[low, high]` 中，则返回 `true`

`BETWEEN` 运算符可以使用 `>=, <=` 和 `AND` 运算符重写

```sql
value >= low AND value <= high
```

如果 **要检查某个值是否超出特定范围**，可以使用 `NOT BETWEEN` 如下运算符

```sql
value NOT BETWEEN low AND high
```

等价于下列表达式：使用 `<, >` 和 `OR` 运算符重写

```sql
value < low OR value > high
```

> [!tip]
> 
> 在实践中， `BETWEEN`运算符经常在 `SELECT` `INSERT` `UPDATE` 和 `DELETE` 语句的 `WHERE` 子句中使用
> 

### 练习

以下查询使用运算符 `BETWEEN` 检索 `payment_id` 介于 `17503` 和 `17505`之间的 `payment`

```sql
SELECT payment_id, amount FROM payment WHERE payment_id BETWEEN 17503 AND 17505;

/* Output */
 payment_id | amount
------------+--------
      17503 |   7.99
      17504 |   1.99
      17505 |   7.99
(3 行记录)
```

以下查询使用 `BETWEEN` 运算符检索`payment_id` 不在 `17503` 和 `17505` 之间的 `payment`：

```sql
SELECT payment_id, amount FROM payment WHERE payment_id NOT BETWEEN 17503 AND 17505;

/* Output */
 payment_id | amount
------------+--------
      17506 |   2.99
      17507 |   7.99
      17508 |   5.99
      17509 |   5.99
      17510 |   5.99
      17511 |   2.99
      17512 |   4.99
      17513 |   6.99
      17514 |   0.99
      17515 |   0.99
      17516 |   6.99
....
```


如果要根据日期范围检查值，请使用 ISO 8601 格式的文本日期，即 `YYYY-MM-DD`。以下示例使用 `BETWEEN` 运算符查找付款日期介于 `2007-02-15` 和 `2007-02-20` 之间且金额大于 10 的付款：

```sql
SELECT payment_id, amount, payment_date FROM payment WHERE payment_date BETWEEN '2007-02-15' AND '2007-02-20' AND amount > 10 ORDER BY payment_date;

/* Output */
 payment_id | amount |        payment_date
------------+--------+----------------------------
      18640 |  10.99 | 2007-02-15 08:14:59.996577
      18272 |  10.99 | 2007-02-15 16:59:12.996577
      18175 |  10.99 | 2007-02-16 13:20:28.996577
      18367 |  10.99 | 2007-02-17 02:33:38.996577
      19481 |  10.99 | 2007-02-17 16:37:30.996577
      18035 |  10.99 | 2007-02-18 07:01:49.996577
      19336 |  10.99 | 2007-02-19 09:18:28.996577
(7 行记录)
```

## LIKE 运算符

LIKE 运算符用于执行 **模糊查询**。比如，假设你想找到客户，但你不记得他们的名字；但是，您可以记得他们的名字以 `Jen` 之类的开头。

使用 PostgreSQL `LIKE` 运算符通过以下查询将客户的名字与字符串进行匹配：

```sql
SELECT 
	first_name,
	last_name
FROM
	customer
WHERE
	first_name LIKE 'Jen%';

/* Output */
 first_name | last_name
------------+-----------
 Jennifer   | Davis
 Jennie     | Terry
 Jenny      | Castro
(3 行记录)
```

查询中的 `WHERE` 子句包含一个表达式：

```sql
first_name LIKE 'Jen%'
```

表达式由 `first_name` `LIKE` 运算符和包含百分号 `(%)` 的文本字符串组成。字符串 `"Jen%"` 称为模式

该查询返回 `first_name` 列中的值以  `Jen`  开头的行，后跟任何字符序列。这种技术称为 **模式匹配**

可以通过将文本值与通配符组合在一起并使用  `LIKE`  或  `NOT LIKE`  运算符来查找匹配项来构建模式

> [!tip] PostgreSQL 提供两个通配符：
> 
> 百分号 (`%`) 与任何 **零个或多个** 字符的序列匹配
> 
> 下划线符号 (`_`) 与 **任何单个字符** 匹配
> 

以下是 `LIKE` 运算符的基本语法：

```sql
value LIKE pattern
```

如果 `valu` 与`pattern` 匹配，则 `LIKE` 运算符返回 `true`

> [!tip]
> 
> 如果模式不包含任何通配符，则 `LIKE` 运算符的行为类似于等于(`=`) 运算符
> 

要否定 `LIKE` 运算符，请按如下方式使用 `NOT` 运算符：

```sql
value NOT LIKE pattern
```

### 练习

以下示例使用  `LIKE`  运算符查找名字包含字符串 `er` 的客户：

```sql
SELECT first_name, last_name FROM customer WHERE first_name LIKE '%er%';

-- OUTPUT
 first_name  |  last_name
-------------+-------------
 Jennifer    | Davis
 Kimberly    | Lee
 Catherine   | Campbell
 Heather     | Morris
 Teresa      | Rogers
 Cheryl      | Murphy
 Katherine   | Rivera
 ....
```

以下示例将 `LIKE` 运算符与包含百分比(`%`)  和下划线(`_`) 通配符的模式结合使用：

```sql
SELECT first_name, last_name FROM customer WHERE first_name LIKE '_her%'; -- 匹配以任意字母开头，然后是 her 的任何字符串

-- OUTPUT
 first_name | last_name
------------+-----------
 Cheryl     | Murphy
 Theresa    | Watson
 Sherry     | Marshall
 Sherri     | Rhodes
(4 行记录)
```

以下查询使用 `NOT LIKE` 运算符来查找名字不以 `Jen` 开头的客户：

```sql
SELECT first_name, last_name FROM customer WHERE first_name NOT LIKE 'Jen%';

-- OUTPUT
 first_name  |  last_name
-------------+--------------
 Jared       | Ely
 Mary        | Smith
 Patricia    | Johnson
 Linda       | Williams
 Barbara     | Jones
....
```

> [!tip] LIKE 区分大小写的

PostgreSQL `ILIKE` 运算符，类似于 `LIKE` 运算符，但允许 **不区分大小写的匹配**。例如：

```sql
SELECT first_name, last_name FROM customer WHERE first_name ILIKE 'BAR%';

-- OUTPUT
 first_name | last_name
------------+-----------
 Barbara    | Jones
 Barry      | Lovelace
(2 行记录)
```

PostgreSQL 还提供了一些运算符，这些运算符与 `LIKE` `NOT LIKE` `ILIKE` `NOT ILIKE` 的功能相同，如下表所示

| Operator | Equivalent |
| -------- | ---------- |
| `~~`     | LIKE       |
| `~~*`    | ILIKE      |
| `!~~`    | NOT LIKE   |
| `!~~*`   | NOT ILIKE  |

### LIKE ... ESCAP ...

有时候待比较文本中需要使用 `%` 或 `_`，就可以 `ESCAP` 指定转义符，用于取消 `%` 和 `_` 的特殊含义

```sql
string LIKE pattern ESCAPE escape_character;
```

例如

```sql
SELECT * FROM t 
WHERE message LIKE '%10$%%' ESCAPE '$';
```

## IS NULL 运算符

在数据库世界中，`NULL` 表示缺少信息或不适用。**`NULL` 不是一个值**，因此，**不能将其与其他值（如数字或字符串）进行比较**

> [!tip]
> 
> **将 `NULL` 与值进行比较将始终导致 `NULL`**
> 
> 此外，**`NULL` 不等于 `NULL`**

**若要检查值是否为 NULL**，不能使用等于 (`=`)  或不等于 (`<>`) 运算符。相反， **使用 `IS NULL` 运算符**

以下是 `IS NULL` 运算符的基本语法：

```sql
value IS NULL
```

要否定 `IS NULL` 运算符，请使用 `IS NOT NULL` 运算符

```sql
value IS NOT NULL
```

### 练习

以下示例使用 `IS NULL` 运算符从 `address2` 列包含 `NULL` 的`地址`表中查找地址：

```sql
SELECT address, address2 FROM address WHERE address2 IS NULL;

-- OUTPUT
       address        | address2
----------------------+----------
 47 MySakila Drive    |
 28 MySQL Boulevard   |
 23 Workhaven Lane    |
 1411 Lillydale Drive |
(4 行记录)
```

以下示例使用 `IS NOT NULL` 运算符检索 `address2` `not NULL` 的地址

```sql
SELECT address, address2 FROM address WHERE address2 IS NOT NULL;

-- OUTPUT
                address                 | address2
----------------------------------------+----------
 1913 Hanoi Way                         |
 1121 Loja Avenue                       |
 692 Joliet Street                      |
 1566 Inegl Manor                       |
 53 Idfu Parkway                        |
 1795 Santiago de Compostela Way        |
 900 Santiago de Compostela Parkway     |
 478 Joliet Way                         |
 613 Korolev Drive                      |
....
```

> [!tip]
> 
> 请注意，**`address2` 是空的**，而不是 `NULL`。这是在同一列中存储空字符串和 `NULL` 时不良**做法**的一个很好的示例
