# 集合运算

多个 SELECT 的结果被看做一个集合，可以在其上执行集合运算

> [!tip]
> 
> 这些 SELECT 语句返回的结果的 **列必须相同**

## UNION 并集

`UNION` 操作符允许将 **两个或多个 SELECT 语句的结果集组合成单个结果集**。

```sql
SELECT select_list
FROM A
UNION  -- 去除重复行
SELECT select_list
FROM B;
```

`UNION` 操作符从合并的数据集中 **删除所有重复的行**。**要保留重复的行，可以使用 UNION ALL**

```sql
SELECT select_list
FROM A
UNION ALL  -- 保留重复行
SELECT select_list
FROM B;
```

### 练习

下面的语句创建了两个表 `top_rated_films` 和 `most_popular_films`，并在这两个表中插入数据:

```sql
CREATE TABLE top_rated_films(
  title VARCHAR NOT NULL, 
  release_year SMALLINT
);

CREATE TABLE most_popular_films(
  title VARCHAR NOT NULL, 
  release_year SMALLINT
);

INSERT INTO top_rated_films(title, release_year) 
VALUES 
   ('The Shawshank Redemption', 1994), 
   ('The Godfather', 1972), 
   ('The Dark Knight', 2008),
   ('12 Angry Men', 1957);

INSERT INTO most_popular_films(title, release_year) 
VALUES 
  ('An American Pickle', 2020), 
  ('The Godfather', 1972), 
  ('The Dark Knight', 2008),
  ('Greyhound', 2020);
```

下面的语句使用 UNION 运算符来组合从 `top_rated_films` 和 `most_popular_films` 中检索数据的查询的数据:

```sql
SELECT * FROM top_rated_films
UNION
SELECT * FROM most_popular_films;

-- Output
          title           | release_year
--------------------------+--------------
 An American Pickle       |         2020
 The Dark Knight          |         2008
 Greyhound                |         2020
 The Shawshank Redemption |         1994
 The Godfather            |         1972
 12 Angry Men             |         1957
(6 rows)
```

> 结果集包括 $6$ 行，因为 UNION 操作符删除了两个重复的行

下面的语句使用 `UNION ALL` 运算符来组合从 `top_rated_films` 和 `most_popular_films` 表中检索数据的查询的结果集:

```sql
SELECT * FROM top_rated_films  
UNION ALL  
SELECT * FROM most_popular_films;

-- Output
          title           | release_year
--------------------------+--------------
 The Shawshank Redemption |         1994
 The Godfather            |         1972
 The Dark Knight          |         2008
 12 Angry Men             |         1957
 An American Pickle       |         2020
 The Godfather            |         1972
 The Dark Knight          |         2008
 Greyhound                |         2020
(8 rows)
```

对 UNION 的结果进行排序

```sql
SELECT * FROM top_rated_films
UNION ALL
SELECT * FROM most_popular_films
ORDER BY title;

-- Output
          title           | release_year
--------------------------+--------------
 12 Angry Men             |         1957
 An American Pickle       |         2020
 Greyhound                |         2020
 The Dark Knight          |         2008
 The Dark Knight          |         2008
 The Godfather            |         1972
 The Godfather            |         1972
 The Shawshank Redemption |         1994
(8 rows)
```

## INTERSECT  交集

与 `UNION` 和 `EXCEPT` 操作符一样，PostgreSQL `INTERSECT` 操作符将两个 `SELECT` 语句的结果集合并为一个结果集。`INTERSECT` 操作符返回一个结果集，其中 **包含两个结果集中可用的行**

```sql
SELECT select_list
FROM A
INTERSECT
SELECT select_list
FROM B;
```

![[Pasted image 20240811093436.png|900]]


## EXCTPT 差集

与 `UNION` 和 `INTERSECT` 操作符一样，`EXCEPT` 操作符通过比较两个或多个查询的结果集来返回行。`EXCEPT` 操作符返回 **第一个(左)查询中没有出现在第二个(右)查询中的不同行**。

```sql
SELECT select_list
FROM A
EXCEPT 
SELECT select_list
FROM B;
```

![[Pasted image 20240811093559.png|900]]
